{"data":{"markdownRemark":{"id":"81493106-b087-500d-8d34-7a2064274ef9","html":"","fields":{"slug":"/blog/hurricane-preparation-2017/"},"frontmatter":{"date":"March 29, 2019","title":"Hurricane Preparation 2019","cover":"/img/protect-your-home-during-a-hurricane.jpg","meta_title":"Hurricane Perparation 2019","meta_description":"It's time to dust off that family disaster plan, or in many cases, create one. Keeping your family safe during a hurricane starts with proper planning.","tags":["home","hurricane","preparation"]}}},"pageContext":{"id":"81493106-b087-500d-8d34-7a2064274ef9"}}