{"data":{"siteSearchIndex":{"index":{"version":"0.9.5","fields":["title","tags"],"ref":"id","documentStore":{"docs":{"329f6eb8-ca30-5c02-8921-19623541f94e":{"id":"329f6eb8-ca30-5c02-8921-19623541f94e","title":"hurriup.org","slug":"/"},"81493106-b087-500d-8d34-7a2064274ef9":{"id":"81493106-b087-500d-8d34-7a2064274ef9","title":"Hurricane Preparation 2019","tags":["home","hurricane","preparation"],"slug":"/blog/hurricane-preparation-2017/"},"79903af3-f48b-5264-b3da-613bb53dcccf":{"id":"79903af3-f48b-5264-b3da-613bb53dcccf","title":"Lorem Ipsum Dolor Situm","tags":["lorem","ipsum"],"slug":"/blog/lorem-ipsum-dolor-situm/"},"11ee55df-4091-5b5f-8348-8cd0259b843d":{"id":"11ee55df-4091-5b5f-8348-8cd0259b843d","title":"Fundraiser for David Kelly","tags":["fundraiser","shelter"],"slug":"/blog/david-kelly-fundraiser/"},"4d37d85c-fed5-5108-b04a-1d2280d547e8":{"id":"4d37d85c-fed5-5108-b04a-1d2280d547e8","title":"Tornado Safety ready.gov","tags":["tornado","safety"],"slug":"/blog/tornado-safety/"},"6b3b5617-bd8b-5d60-8c53-89ba196f8405":{"id":"6b3b5617-bd8b-5d60-8c53-89ba196f8405","title":"Contact Us","slug":"/contact/"},"4f08b841-1f33-5365-9b73-e724eb39c53b":{"id":"4f08b841-1f33-5365-9b73-e724eb39c53b","title":"Image Gallery","slug":"/gallery/"},"0da4a3d6-cf7c-50f8-98c5-3940c13ea5e8":{"id":"0da4a3d6-cf7c-50f8-98c5-3940c13ea5e8","title":"About Us - UNDER CONSTRUCTION","slug":"/about/"},"9a22020b-27b7-52d1-8047-19c0f41aa6b0":{"id":"9a22020b-27b7-52d1-8047-19c0f41aa6b0","title":"Pricing","slug":"/pricing/"},"e2b1252e-5eab-5520-bbf3-101fa30b0712":{"id":"e2b1252e-5eab-5520-bbf3-101fa30b0712","title":"Hurricane Preparedness Tips","tags":["hurricane","tips","preparedness]"],"slug":"/blog/hurricane-preparedness-tips/"},"9a60fa4f-e4a9-5cae-96e5-e138758de09a":{"id":"9a60fa4f-e4a9-5cae-96e5-e138758de09a","title":"Hurricane Safety Tips from ready.gov","tags":["hurricane","safety","tips"],"slug":"/blog/hurricane-safety-tips/"},"e5c8198e-9865-567f-a83a-559f6b734624":{"id":"e5c8198e-9865-567f-a83a-559f6b734624","title":"Pet Care Disaster Preparedness","tags":["pet","disaster","preparedness"],"slug":"/blog/pet-care-disaster-preparedness/"}},"docInfo":{"329f6eb8-ca30-5c02-8921-19623541f94e":{"title":1,"tags":0},"81493106-b087-500d-8d34-7a2064274ef9":{"title":3,"tags":3},"79903af3-f48b-5264-b3da-613bb53dcccf":{"title":4,"tags":2},"11ee55df-4091-5b5f-8348-8cd0259b843d":{"title":3,"tags":2},"4d37d85c-fed5-5108-b04a-1d2280d547e8":{"title":3,"tags":2},"6b3b5617-bd8b-5d60-8c53-89ba196f8405":{"title":1,"tags":0},"4f08b841-1f33-5365-9b73-e724eb39c53b":{"title":2,"tags":0},"0da4a3d6-cf7c-50f8-98c5-3940c13ea5e8":{"title":2,"tags":0},"9a22020b-27b7-52d1-8047-19c0f41aa6b0":{"title":1,"tags":0},"e2b1252e-5eab-5520-bbf3-101fa30b0712":{"title":3,"tags":3},"9a60fa4f-e4a9-5cae-96e5-e138758de09a":{"title":4,"tags":3},"e5c8198e-9865-567f-a83a-559f6b734624":{"title":4,"tags":3}},"length":12,"save":true},"index":{"title":{"root":{"2":{"0":{"1":{"9":{"docs":{"81493106-b087-500d-8d34-7a2064274ef9":{"tf":1}},"df":1},"docs":{},"df":0},"docs":{},"df":0},"docs":{},"df":0},"docs":{},"df":0,"h":{"docs":{},"df":0,"u":{"docs":{},"df":0,"r":{"docs":{},"df":0,"r":{"docs":{},"df":0,"i":{"docs":{},"df":0,"u":{"docs":{},"df":0,"p":{"docs":{},"df":0,".":{"docs":{},"df":0,"o":{"docs":{},"df":0,"r":{"docs":{},"df":0,"g":{"docs":{"329f6eb8-ca30-5c02-8921-19623541f94e":{"tf":1}},"df":1}}}}}},"c":{"docs":{},"df":0,"a":{"docs":{},"df":0,"n":{"docs":{"81493106-b087-500d-8d34-7a2064274ef9":{"tf":1},"e2b1252e-5eab-5520-bbf3-101fa30b0712":{"tf":1},"9a60fa4f-e4a9-5cae-96e5-e138758de09a":{"tf":1}},"df":3}}}}}}}},"p":{"docs":{},"df":0,"r":{"docs":{},"df":0,"e":{"docs":{},"df":0,"p":{"docs":{},"df":0,"a":{"docs":{},"df":0,"r":{"docs":{"81493106-b087-500d-8d34-7a2064274ef9":{"tf":1}},"df":1,"e":{"docs":{},"df":0,"d":{"docs":{"e2b1252e-5eab-5520-bbf3-101fa30b0712":{"tf":1},"e5c8198e-9865-567f-a83a-559f6b734624":{"tf":1}},"df":2}}}}}},"i":{"docs":{},"df":0,"c":{"docs":{},"df":0,"e":{"docs":{"9a22020b-27b7-52d1-8047-19c0f41aa6b0":{"tf":1}},"df":1}}}},"e":{"docs":{},"df":0,"t":{"docs":{"e5c8198e-9865-567f-a83a-559f6b734624":{"tf":1}},"df":1}}},"l":{"docs":{},"df":0,"o":{"docs":{},"df":0,"r":{"docs":{},"df":0,"e":{"docs":{},"df":0,"m":{"docs":{"79903af3-f48b-5264-b3da-613bb53dcccf":{"tf":1}},"df":1}}}}},"i":{"docs":{},"df":0,"p":{"docs":{},"df":0,"s":{"docs":{},"df":0,"u":{"docs":{},"df":0,"m":{"docs":{"79903af3-f48b-5264-b3da-613bb53dcccf":{"tf":1}},"df":1}}}},"m":{"docs":{},"df":0,"a":{"docs":{},"df":0,"g":{"docs":{"4f08b841-1f33-5365-9b73-e724eb39c53b":{"tf":1}},"df":1}}}},"d":{"docs":{},"df":0,"o":{"docs":{},"df":0,"l":{"docs":{},"df":0,"o":{"docs":{},"df":0,"r":{"docs":{"79903af3-f48b-5264-b3da-613bb53dcccf":{"tf":1}},"df":1}}}},"a":{"docs":{},"df":0,"v":{"docs":{},"df":0,"i":{"docs":{},"df":0,"d":{"docs":{"11ee55df-4091-5b5f-8348-8cd0259b843d":{"tf":1}},"df":1}}}},"i":{"docs":{},"df":0,"s":{"docs":{},"df":0,"a":{"docs":{},"df":0,"s":{"docs":{},"df":0,"t":{"docs":{"e5c8198e-9865-567f-a83a-559f6b734624":{"tf":1}},"df":1}}}}}},"s":{"docs":{},"df":0,"i":{"docs":{},"df":0,"t":{"docs":{},"df":0,"u":{"docs":{},"df":0,"m":{"docs":{"79903af3-f48b-5264-b3da-613bb53dcccf":{"tf":1}},"df":1}}}},"a":{"docs":{},"df":0,"f":{"docs":{},"df":0,"e":{"docs":{},"df":0,"t":{"docs":{},"df":0,"i":{"docs":{"4d37d85c-fed5-5108-b04a-1d2280d547e8":{"tf":1},"9a60fa4f-e4a9-5cae-96e5-e138758de09a":{"tf":1}},"df":2}}}}}},"f":{"docs":{},"df":0,"u":{"docs":{},"df":0,"n":{"docs":{},"df":0,"d":{"docs":{},"df":0,"r":{"docs":{},"df":0,"a":{"docs":{},"df":0,"i":{"docs":{},"df":0,"s":{"docs":{"11ee55df-4091-5b5f-8348-8cd0259b843d":{"tf":1}},"df":1}}}}}}}},"k":{"docs":{},"df":0,"e":{"docs":{},"df":0,"l":{"docs":{},"df":0,"l":{"docs":{},"df":0,"i":{"docs":{"11ee55df-4091-5b5f-8348-8cd0259b843d":{"tf":1}},"df":1}}}}},"t":{"docs":{},"df":0,"o":{"docs":{},"df":0,"r":{"docs":{},"df":0,"n":{"docs":{},"df":0,"a":{"docs":{},"df":0,"d":{"docs":{},"df":0,"o":{"docs":{"4d37d85c-fed5-5108-b04a-1d2280d547e8":{"tf":1}},"df":1}}}}}},"i":{"docs":{},"df":0,"p":{"docs":{"e2b1252e-5eab-5520-bbf3-101fa30b0712":{"tf":1},"9a60fa4f-e4a9-5cae-96e5-e138758de09a":{"tf":1}},"df":2}}},"r":{"docs":{},"df":0,"e":{"docs":{},"df":0,"a":{"docs":{},"df":0,"d":{"docs":{},"df":0,"y":{"docs":{},"df":0,".":{"docs":{},"df":0,"g":{"docs":{},"df":0,"o":{"docs":{},"df":0,"v":{"docs":{"4d37d85c-fed5-5108-b04a-1d2280d547e8":{"tf":1},"9a60fa4f-e4a9-5cae-96e5-e138758de09a":{"tf":1}},"df":2}}}}}}}}},"c":{"docs":{},"df":0,"o":{"docs":{},"df":0,"n":{"docs":{},"df":0,"t":{"docs":{},"df":0,"a":{"docs":{},"df":0,"c":{"docs":{},"df":0,"t":{"docs":{"6b3b5617-bd8b-5d60-8c53-89ba196f8405":{"tf":1}},"df":1}}}},"s":{"docs":{},"df":0,"t":{"docs":{},"df":0,"r":{"docs":{},"df":0,"u":{"docs":{},"df":0,"c":{"docs":{},"df":0,"t":{"docs":{"0da4a3d6-cf7c-50f8-98c5-3940c13ea5e8":{"tf":1}},"df":1}}}}}}}},"a":{"docs":{},"df":0,"r":{"docs":{},"df":0,"e":{"docs":{"e5c8198e-9865-567f-a83a-559f6b734624":{"tf":1}},"df":1}}}},"g":{"docs":{},"df":0,"a":{"docs":{},"df":0,"l":{"docs":{},"df":0,"l":{"docs":{},"df":0,"e":{"docs":{},"df":0,"r":{"docs":{},"df":0,"i":{"docs":{"4f08b841-1f33-5365-9b73-e724eb39c53b":{"tf":1}},"df":1}}}}}}},"u":{"docs":{},"df":0,"n":{"docs":{},"df":0,"d":{"docs":{},"df":0,"e":{"docs":{},"df":0,"r":{"docs":{"0da4a3d6-cf7c-50f8-98c5-3940c13ea5e8":{"tf":1}},"df":1}}}}}}},"tags":{"root":{"docs":{},"df":0,"h":{"docs":{},"df":0,"o":{"docs":{},"df":0,"m":{"docs":{},"df":0,"e":{"docs":{"81493106-b087-500d-8d34-7a2064274ef9":{"tf":1}},"df":1}}},"u":{"docs":{},"df":0,"r":{"docs":{},"df":0,"r":{"docs":{},"df":0,"i":{"docs":{},"df":0,"c":{"docs":{},"df":0,"a":{"docs":{},"df":0,"n":{"docs":{"81493106-b087-500d-8d34-7a2064274ef9":{"tf":1},"e2b1252e-5eab-5520-bbf3-101fa30b0712":{"tf":1},"9a60fa4f-e4a9-5cae-96e5-e138758de09a":{"tf":1}},"df":3}}}}}}}},"p":{"docs":{},"df":0,"r":{"docs":{},"df":0,"e":{"docs":{},"df":0,"p":{"docs":{},"df":0,"a":{"docs":{},"df":0,"r":{"docs":{"81493106-b087-500d-8d34-7a2064274ef9":{"tf":1}},"df":1,"e":{"docs":{},"df":0,"d":{"docs":{"e2b1252e-5eab-5520-bbf3-101fa30b0712":{"tf":1},"e5c8198e-9865-567f-a83a-559f6b734624":{"tf":1}},"df":2}}}}}}},"e":{"docs":{},"df":0,"t":{"docs":{"e5c8198e-9865-567f-a83a-559f6b734624":{"tf":1}},"df":1}}},"l":{"docs":{},"df":0,"o":{"docs":{},"df":0,"r":{"docs":{},"df":0,"e":{"docs":{},"df":0,"m":{"docs":{"79903af3-f48b-5264-b3da-613bb53dcccf":{"tf":1}},"df":1}}}}},"i":{"docs":{},"df":0,"p":{"docs":{},"df":0,"s":{"docs":{},"df":0,"u":{"docs":{},"df":0,"m":{"docs":{"79903af3-f48b-5264-b3da-613bb53dcccf":{"tf":1}},"df":1}}}}},"f":{"docs":{},"df":0,"u":{"docs":{},"df":0,"n":{"docs":{},"df":0,"d":{"docs":{},"df":0,"r":{"docs":{},"df":0,"a":{"docs":{},"df":0,"i":{"docs":{},"df":0,"s":{"docs":{"11ee55df-4091-5b5f-8348-8cd0259b843d":{"tf":1}},"df":1}}}}}}}},"s":{"docs":{},"df":0,"h":{"docs":{},"df":0,"e":{"docs":{},"df":0,"l":{"docs":{},"df":0,"t":{"docs":{},"df":0,"e":{"docs":{},"df":0,"r":{"docs":{"11ee55df-4091-5b5f-8348-8cd0259b843d":{"tf":1}},"df":1}}}}}},"a":{"docs":{},"df":0,"f":{"docs":{},"df":0,"e":{"docs":{},"df":0,"t":{"docs":{},"df":0,"i":{"docs":{"4d37d85c-fed5-5108-b04a-1d2280d547e8":{"tf":1},"9a60fa4f-e4a9-5cae-96e5-e138758de09a":{"tf":1}},"df":2}}}}}},"t":{"docs":{},"df":0,"o":{"docs":{},"df":0,"r":{"docs":{},"df":0,"n":{"docs":{},"df":0,"a":{"docs":{},"df":0,"d":{"docs":{},"df":0,"o":{"docs":{"4d37d85c-fed5-5108-b04a-1d2280d547e8":{"tf":1}},"df":1}}}}}},"i":{"docs":{},"df":0,"p":{"docs":{"e2b1252e-5eab-5520-bbf3-101fa30b0712":{"tf":1},"9a60fa4f-e4a9-5cae-96e5-e138758de09a":{"tf":1}},"df":2}}},"d":{"docs":{},"df":0,"i":{"docs":{},"df":0,"s":{"docs":{},"df":0,"a":{"docs":{},"df":0,"s":{"docs":{},"df":0,"t":{"docs":{"e5c8198e-9865-567f-a83a-559f6b734624":{"tf":1}},"df":1}}}}}}}}},"pipeline":["trimmer","stopWordFilter","stemmer"]}}}}