{"data":{"site":{"siteMetadata":{"title":"hurriup.org"}},"allMarkdownRemark":{"totalCount":3,"edges":[{"node":{"fields":{"slug":"/blog/hurricane-safety-tips/"},"frontmatter":{"title":"Hurricane Safety Tips from ready.gov"}}},{"node":{"fields":{"slug":"/blog/hurricane-preparation-2017/"},"frontmatter":{"title":"Hurricane Preparation 2019"}}},{"node":{"fields":{"slug":"/blog/hurricane-preparedness-tips/"},"frontmatter":{"title":"Hurricane Preparedness Tips"}}}]}},"pageContext":{"tag":"hurricane"}}