{"pageContext":{"group":[{"node":{"excerpt":"","id":"329f6eb8-ca30-5c02-8921-19623541f94e","fields":{"slug":"/"},"frontmatter":{"title":"hurriup.org","cover":null,"tags":null,"templateKey":"home-page","date":null}}},{"node":{"excerpt":"","id":"6b3b5617-bd8b-5d60-8c53-89ba196f8405","fields":{"slug":"/contact/"},"frontmatter":{"title":"Contact Us","cover":null,"tags":null,"templateKey":"contact-page","date":null}}},{"node":{"excerpt":"","id":"4f08b841-1f33-5365-9b73-e724eb39c53b","fields":{"slug":"/gallery/"},"frontmatter":{"title":"Image Gallery","cover":null,"tags":null,"templateKey":"gallery-page","date":null}}},{"node":{"excerpt":"Lorem ipsum dolor sit amet, consectetuer Lorem ipsum dolor sit amet, consectetuer adipiscing elit. Aenean commodo ligula eget dolor.\nAenean massa. Cum sociis natoque penatibus et magnis dis parturient montes, nascetur ridiculus\nmus. Donec quam felis, ultricies nec, pellentesque eu, pretium quis, sem. Nulla consequat massa\nquis enim. Donec pede justo, fringilla vel, aliquet nec, vulputate eget…","id":"0da4a3d6-cf7c-50f8-98c5-3940c13ea5e8","fields":{"slug":"/about/"},"frontmatter":{"title":"About Us - UNDER CONSTRUCTION","cover":null,"tags":null,"templateKey":"about-page","date":null}}},{"node":{"excerpt":"","id":"9a22020b-27b7-52d1-8047-19c0f41aa6b0","fields":{"slug":"/pricing/"},"frontmatter":{"title":"Pricing","cover":null,"tags":null,"templateKey":"pricing-page","date":null}}},{"node":{"excerpt":"Emergencies come in many forms, and they may require anything from a brief absence from your home to permanent evacuation. Each type of disaster requires different measures to keep your pets safe, so the best thing you can do for yourself and your pets is to be prepared. Here are simple steps you can follow now to make sure you’re ready before the next disaster strikes: Step 1: Get a Rescue Alert…","id":"e5c8198e-9865-567f-a83a-559f6b734624","fields":{"slug":"/blog/pet-care-disaster-preparedness/"},"frontmatter":{"title":"Pet Care Disaster Preparedness","cover":"/img/pet-care_disaster-preparedness_main-image.jpg","tags":["pet","disaster","preparedness"],"templateKey":"article-page","date":"April 11, 2019"}}}],"pathPrefix":"blog","first":true,"last":false,"index":1,"pageCount":2,"additionalContext":{}}}