{"data":{"markdownRemark":{"frontmatter":{"title":"Contact Us","subtitle":"We'd Love To Hear From You, Feel Free To Drop A Mail","meta_title":"Contact Us | Gatsby Starter Business","meta_description":"Cum sociis natoque penatibus et magnis dis parturient montes, nascetur ridiculus mus. Aenean eu leo quam. Pellentesque ornare sem lacinia quam venenatis vestibulum. Sed posuere consectetur est at lobortis. Cras mattis consectetur purus sit amet fermentum.","heading":null}}},"pageContext":{"id":"6b3b5617-bd8b-5d60-8c53-89ba196f8405"}}