{"data":{"markdownRemark":{"frontmatter":{"title":"hurriup.org","meta_title":"Home | hurriup.org","meta_description":"hurriup.org landing page. hurriup.org is dedicated to helping people who have been affected by a natural disaster and providing information about preparing for hurricanes and other natural disaster.","heading":"hurriup.org\n","description":"Dedicated to helping people who have been affected by a natural disaster and providing information about preparing for hurricanes and other natural disasters.","campaign":[{"image":"/img/david-kelly-headshot.jpg","heading":"Fundraiser For David Kelly","text":"<strong>notice from Patrick Pearson:</strong><br/> hurriup.org has purchased a Storm Shelter for David Kelley and his family. This 14000lb concrete EZ access shelter is in Broken Arrow Oklahoma, 743 miles from Opelika Alabama. Any help in transporting this item is much appreciated. <br/> Thank you kindly<br/><br/> Patrick<br/> hurriup1@gmail.com\n","slug":"david-kelly-fundraiser"}],"offerings":{"blurbs":[{"image":"/img/HuRLO-man.gif","text":"<strong>Hurricane Preparation 2017</strong> By: Patrap<br/><br/> It's time to dust off that family disaster plan, or in many cases, create one. Keeping your family safe during a hurricane starts with proper planning.\n","slug":"hurricane-preparation-2017"},{"image":"/img/nikolas-noonan-682177-unsplash.jpg","text":"Tornadoes can destroy buildings, flip cars, and create deadly flying debris. Tornadoes are violently rotating columns of air that extend from a thunderstorm to the ground.<br/> Tornadoes can:\n<li>Happen anytime and anywhere;</li> <li>Bring intense winds, over 200 MPH; and</li> <li>Look like funnels.</li>\n","slug":"tornado-safety"},{"image":"/img/nasa-63030-unsplash.jpg","text":"Hurricanes are massive storm systems that form over warm ocean waters and move toward land. Potential threats from hurricanes include powerful winds, heavy rainfall, storm surges, coastal and inland flooding, rip currents, tornadoes, and landslides. The Atlantic hurricane season runs from June 1 to November 30. The Pacific hurricane season runs May 15 to November 30.<br/> Hurricanes:\n<li>Can happen along any U.S. coast or in any territory in the Atlantic or Pacific oceans.</li> <li>Can affect areas more than 100 miles inland.</li> <li>Are most active in September.</li>\n","slug":"hurricane-safety-tips"},{"image":"/img/prepare-for-a-hurricane.jpg","text":"Hurricane Preparedness Tips Hurricane hazards come in many forms; storm surge, high winds, tornadoes, and flooding. This means it is important for your family to have a plan that includes all of these hazards. Look carefully at the safety actions associated with each type of hurricane hazard and prepare your family disaster plan accordingly. But remember this is only a guide.\n","slug":"hurricane-preparedness-tips"},{"image":"/img/pet-disaster-preparedness.jpg","text":"Emergencies come in many forms, and they may require anything from a brief absence from your home to permanent evacuation. Each type of disaster requires different measures to keep your pets safe, so the best thing you can do for yourself and your pets is to be prepared.","slug":"pet-care-disaster-preparedness"}]},"testimonials":[{"author":"Karynell - Puerto Rico generator recipient","quote":"I don’t have words to thank y’all for this generator. My sister was crying on the phone and my heart is beating so fast because I know this is really important for them. Thanks thanks a lot. She got it and yall make a wish come true."}]}}},"pageContext":{"id":"329f6eb8-ca30-5c02-8921-19623541f94e"}}