{"data":{"markdownRemark":{"id":"4d37d85c-fed5-5108-b04a-1d2280d547e8","html":"<h1>Tornadoes</h1>\n<p>Tornadoes can destroy buildings, flip cars, and create deadly flying debris. Tornadoes are violently rotating columns of air that extend from a thunderstorm to the ground. Tornadoes can:</p>\n<ul>\n<li>\n<p>Happen anytime and anywhere;</p>\n</li>\n<li>\n<p>Bring intense winds, over 200 MPH; and</p>\n</li>\n<li>\n<p>Look like funnels.</p>\n</li>\n</ul>\n<h3>IF YOU ARE UNDER A TORNADO WARNING, FIND SAFE SHELTER RIGHT AWAY</h3>\n<ul>\n<li>If you can safely get to a sturdy building, then do so immediately.</li>\n<li>Go to a safe room, basement, or storm cellar.</li>\n<li>If you are in a building with no basement, then get to a small interior room on the lowest level.</li>\n<li>Stay away from windows, doors, and outside walls.</li>\n<li>Do not get under an overpass or bridge. You’re safer in a low, flat location.</li>\n<li>Watch out for flying debris that can cause injury or death.</li>\n<li>Use your arms to protect your head and neck.</li>\n</ul>\n<h3>HOW TO STAY SAFE WHEN A TORNADO THREATENS</h3>\n<h2>Prepare NOW</h2>\n<ul>\n<li>Know your area’s tornado risk. In the U.S., the Midwest and the Southeast have a greater risk for tornadoes.</li>\n<li>Know the signs of a tornado, including a rotating, funnel-shaped cloud; an approaching cloud of debris; or a loud roar—similar to a freight train.</li>\n<li>Sign up for your community’s warning system. The Emergency Alert System (EAS) and National Oceanic and Atmospheric Administration (NOAA) Weather radio also provide emergency alerts. If your community has sirens, then become familiar with the warning tone.</li>\n<li>Pay attention to weather reports. Meteorologists can predict when conditions might be right for a tornado.</li>\n<li>Identify and practice going to a safe shelter in the event of high winds, such as a safe room built using FEMA criteria or a storm shelter built to ICC 500 standards. The next best protection is a small, interior, windowless room on the lowest level of a sturdy building.</li>\n<li>Consider constructing your own safe room that meets FEMA or ICC 500 standards.</li>\n</ul>\n<h2>Survive DURING</h2>\n<ul>\n<li>Immediately go to a safe location that you identified.</li>\n<li>Take additional cover by shielding your head and neck with your arms and putting materials such as furniture and blankets around you.</li>\n<li>Listen to EAS, NOAA Weather Radio, or local alerting systems for current emergency information and instructions.</li>\n<li>Do not try to outrun a tornado in a vehicle.</li>\n<li>If you are in a car or outdoors and cannot get to a building, cover your head and neck with your arms and cover your body with a coat or blanket, if possible.</li>\n</ul>\n<h2>Be Safe AFTER</h2>\n<ul>\n<li>Keep listening to EAS, NOAA Weather Radio, and local authorities for updated information.</li>\n<li>If you are trapped, cover your mouth with a cloth or mask to avoid breathing dust. Try to send a text, bang on a pipe or wall, or use a whistle instead of shouting.</li>\n<li>Stay clear of fallen power lines or broken utility lines.</li>\n<li>Do not enter damaged buildings until you are told that they are safe.</li>\n<li>Save your phone calls for emergencies. Phone systems are often down or busy after a disaster. Use text messaging or social media to communicate with family and friends.</li>\n<li>Be careful during clean-up. Wear thick-soled shoes, long pants, and work gloves.</li>\n</ul>\n<h2>Associated Content</h2>\n<ul>\n<li><a href=\"https://www.fema.gov/media-library/assets/documents/162052\">Tornado Information Sheet</a> (PDF)</li>\n<li><a href=\"http://www.fema.gov/media-library/assets/documents/98412\">Tornado Playbook</a> (PDF)</li>\n<li><a href=\"http://www.fema.gov/media-library/assets/documents/98412\">Prepare Your Organization for a Tornado Playbook</a> (PDF)</li>\n<li><a href=\"http://www.fema.gov/media-library/assets/documents/94895\">Tornado Creative Materials</a> (PDF)</li>\n<li><a href=\"http://www.fema.gov/media-library/assets/documents/97691\">National Creative Resources</a> (PDF)</li>\n<li><a href=\"http://www.fema.gov/media-library/assets/documents/103590\">Organizational Tabletop Exercises</a> (PowerPoint)</li>\n<li><a href=\"http://www.fema.gov/media-library/assets/documents/14951\">Taking Shelter from the Storm: Building a Safe Room Inside Your House</a> (pamphlet PDF)</li>\n<li><a href=\"http://www.fema.gov/library/viewRecord.do?fromSearch=fromsearch&#x26;id=1536\">Taking Shelter from the Storm: Building a Safe Room Inside Your House</a> (publication PDF)</li>\n<li><a href=\"http://www.fema.gov/library/viewRecord.do?id=1563\">Tornado Protection - Selecting Refuge Areas in Buildings</a> (PDF)</li>\n<li><a href=\"https://www.fema.gov/media-library/assets/documents/13270\">How to Guides to Protect Your Property or Business from High Winds</a>(PDF)</li>\n<li><a href=\"http://www.redcross.org/get-help/prepare-for-emergencies/types-of-emergencies/tornado\">American Red Cross</a> (link)</li>\n</ul>","fields":{"slug":"/blog/tornado-safety/"},"frontmatter":{"date":"April 09, 2019","title":"Tornado Safety ready.gov","cover":"/img/tornado_v1_0.jpg","meta_title":"Tornado safety from ready.gov","meta_description":"Tornadoes can destroy buildings, flip cars, and create deadly flying debris. Tornadoes are violently rotating columns of air that extend from a thunderstorm to the ground.","tags":["tornado","safety"]}}},"pageContext":{"id":"4d37d85c-fed5-5108-b04a-1d2280d547e8"}}