{"data":{"markdownRemark":{"frontmatter":{"title":"Image Gallery","meta_title":"Gallery | hurriup.org","meta_description":"hurriup.org gallery page. hurriup.org is dedicated to helping people who have been affected by a natural disaster and providing information about preparing for hurricanes and other natural disaster.","heading":"Image Gallery\n","description":"hurriup.org gallery","images":[{"image":"/img/gallery/caicosgennys_1.jpg","note":"Fork truck positioning pallet of generators\n"},{"image":"/img/gallery/pat-with-noaa-g4.jpg","note":"Patrick meets NOAA G4!\n"},{"image":"/img/gallery/puerto-rico-2.jpg","note":"Damage from hurricane Maria 2017\n"},{"image":"/img/gallery/puerto-rico-3.jpg","note":"Damage from hurricane Maria 2017\n"},{"image":"/img/gallery/puerto-rico-4.jpg","note":"Damage from hurricane Maria 2017\n"},{"image":"/img/gallery/puerto-rico-5.jpg","note":"Damage from hurricane Maria 2017\n"},{"image":"/img/gallery/puerto-rico-6.jpg","note":"Damage from hurricane Maria 2017\n"},{"image":"/img/gallery/puerto-rico-7.jpg","note":"Damage from hurricane Maria 2017\n"},{"image":"/img/gallery/puerto-rico-8.jpg","note":"Damage from hurricane Maria 2017\n"},{"image":"/img/electricity-transformers-destroyed-by-hurricane-maria.jpg","note":"Downed transformers in Puerto Rico"},{"image":"/img/genny1.jpg","note":"Pup with generators waiting to be shipped to Puerto Rico"},{"image":"/img/smiling-generator-recipient-puerto-rico.jpg","note":"Karynell with her new generator donated by hurriup.org"},{"image":"/img/ikerelieft.jpg","note":"Teresa helping with shipments of water"},{"image":"/img/portlight_crutches.jpg","note":"Portlife volunteers unloading crutches"}]}}},"pageContext":{"id":"4f08b841-1f33-5365-9b73-e724eb39c53b"}}