{"data":{"site":{"siteMetadata":{"title":"hurriup.org"}},"allMarkdownRemark":{"group":[{"fieldValue":"disaster","totalCount":1},{"fieldValue":"fundraiser","totalCount":1},{"fieldValue":"home","totalCount":1},{"fieldValue":"hurricane","totalCount":3},{"fieldValue":"ipsum","totalCount":1},{"fieldValue":"lorem","totalCount":1},{"fieldValue":"pet","totalCount":1},{"fieldValue":"preparation","totalCount":1},{"fieldValue":"preparedness","totalCount":1},{"fieldValue":"preparedness]","totalCount":1},{"fieldValue":"safety","totalCount":2},{"fieldValue":"shelter","totalCount":1},{"fieldValue":"tips","totalCount":2},{"fieldValue":"tornado","totalCount":1}]}},"pageContext":{}}