{"data":{"markdownRemark":{"html":"<h2>Lorem ipsum dolor sit amet, consectetuer</h2>\n<p>Lorem ipsum dolor sit amet, consectetuer adipiscing elit. Aenean commodo ligula eget dolor.\nAenean massa. Cum sociis natoque penatibus et magnis dis parturient montes, nascetur ridiculus\nmus. Donec quam felis, ultricies nec, pellentesque eu, pretium quis, sem. Nulla consequat massa\nquis enim. Donec pede justo, fringilla vel, aliquet nec, vulputate eget, arcu.</p>\n<h2>In enim justo, rhoncus ut, imperdiet a, venenatis vitae, justo.</h2>\n<p>Nullam dictum felis eu pede mollis\npretium. Integer tincidunt. Cras dapibus. Vivamus elementum semper nisi. Aenean vulputate eleifend tellus.\nAenean leo ligula, porttitor eu, consequat vitae, eleifend ac, enim. Aliquam lorem ante, dapibus in, viverra\nquis, feugiat a, tellus. Phasellus viverra nulla ut metus varius laoreet. Quisque rutrum. Aenean imperdiet.\nEtiam ultricies nisi vel augue.  Nam eget dui. <em>Etiam rhoncus</em>. Maecenas\ntempus, tellus eget condimentum rhoncus, sem quam semper libero, sit amet adipiscing sem neque sed ipsum.\nNam quam nunc, blandit vel, luctus pulvinar</p>\n<h3>Curabitur ullamcorper ultricies nisi.</h3>\n<p>Donec vitae sapien ut libero venenatis faucibus. Nullam quis ante. Etiam sit amet orci eget eros faucibus tincidunt.\nDuis leo. Sed fringilla mauris sit amet nibh. Donec sodales sagittis magna. Sed consequat, leo eget bibendum sodales,\naugue velit cursus nunc, quis gravida magna mi a libero. Fusce vulputate eleifend sapien. Vestibulum purus quam, scelerisque ut,\nmollis sed, nonummy id, metus.</p>\n<ul>\n<li>Cras ultricies mi eu turpis hendrerit fringilla.</li>\n<li>Vestibulum ante ipsum primis in faucibus orci luctus et ultrices posuere cubilia Curae;</li>\n<li>In ac dui quis mi consectetuer lacinia.</li>\n</ul>\n<p><strong>Etiam ultricies nisi vel augue!</strong></p>","frontmatter":{"title":"About Us - UNDER CONSTRUCTION","meta_title":"About Us | hurriup.org","meta_description":"Cum sociis natoque penatibus et magnis dis parturient montes, nascetur ridiculus mus. Aenean eu leo quam. Pellentesque ornare sem lacinia quam venenatis vestibulum. Sed posuere consectetur est at lobortis. Cras mattis consectetur purus sit amet fermentum."}}},"pageContext":{"id":"0da4a3d6-cf7c-50f8-98c5-3940c13ea5e8"}}