{"pageContext":{"group":[{"node":{"excerpt":"Hurricanes Hurricanes are massive storm systems that form over warm ocean waters and move toward land. Potential threats from hurricanes include powerful winds, heavy rainfall, storm surges, coastal and inland flooding, rip currents, tornadoes, and landslides. The Atlantic hurricane season runs from June 1 to November 30. The Pacific hurricane season runs May 15 to November 30. Hurricanes: Can…","id":"9a60fa4f-e4a9-5cae-96e5-e138758de09a","fields":{"slug":"/blog/hurricane-safety-tips/"},"frontmatter":{"title":"Hurricane Safety Tips from ready.gov","cover":"/img/hurricane_v3.jpg","tags":["hurricane","safety","tips"],"templateKey":"article-page","date":"April 09, 2019"}}},{"node":{"excerpt":"Tornadoes Tornadoes can destroy buildings, flip cars, and create deadly flying debris. Tornadoes are violently rotating columns of air that extend from a thunderstorm to the ground. Tornadoes can: Happen anytime and anywhere; Bring intense winds, over 200 MPH; and Look like funnels. IF YOU ARE UNDER A TORNADO WARNING, FIND SAFE SHELTER RIGHT AWAY If you can safely get to a sturdy building, then do…","id":"4d37d85c-fed5-5108-b04a-1d2280d547e8","fields":{"slug":"/blog/tornado-safety/"},"frontmatter":{"title":"Tornado Safety ready.gov","cover":"/img/tornado_v1_0.jpg","tags":["tornado","safety"],"templateKey":"article-page","date":"April 09, 2019"}}},{"node":{"excerpt":"","id":"81493106-b087-500d-8d34-7a2064274ef9","fields":{"slug":"/blog/hurricane-preparation-2017/"},"frontmatter":{"title":"Hurricane Preparation 2019","cover":"/img/protect-your-home-during-a-hurricane.jpg","tags":["home","hurricane","preparation"],"templateKey":"article-page","date":"March 29, 2019"}}},{"node":{"excerpt":"hurriup.org is raising funds for David Kelly and his family in Lee County Alabama. Mr. Kelly's home was damaged by the tornado that struck Lee County on March 3, 2019. A reported 23 deaths occured from that terrible storm. Mr. Kelly considers himself lucky to have survived. How We're Helping We are raising funds to buy the Kelly Family a below-ground storm shelter from Lowe's. The est. cost for…","id":"11ee55df-4091-5b5f-8348-8cd0259b843d","fields":{"slug":"/blog/david-kelly-fundraiser/"},"frontmatter":{"title":"Fundraiser for David Kelly","cover":"/img/david-kelly.jpg","tags":["fundraiser","shelter"],"templateKey":"article-page","date":"March 20, 2019"}}},{"node":{"excerpt":"Hurricane hazards come in many forms: storm surge, high winds, tornadoes, and flooding.\nThis means it is important for your family to have a plan that includes all of these\nhazards. Look carefully at the safety actions associated with each type of hurricane\nhazard and prepare your family disaster plan accordingly. But remember this is only a\nguide. The first and most important thing anyone should…","id":"e2b1252e-5eab-5520-bbf3-101fa30b0712","fields":{"slug":"/blog/hurricane-preparedness-tips/"},"frontmatter":{"title":"Hurricane Preparedness Tips","cover":"/img/prepare-for-a-hurricane.jpg","tags":["hurricane","tips","preparedness]"],"templateKey":"article-page","date":"March 20, 2018"}}},{"node":{"excerpt":"Cum sociis natoque penatibus et magnis dis parturient montes, nascetur ridiculus mus. Aenean eu leo quam. Pellentesque ornare sem lacinia quam venenatis vestibulum. Sed posuere consectetur est at lobortis. Cras mattis consectetur purus sit amet fermentum. Cum sociis natoque penatibus et magnis dis parturient montes, nascetur ridiculus mus. Aenean eu leo quam. Pellentesque ornare sem lacinia quam…","id":"79903af3-f48b-5264-b3da-613bb53dcccf","fields":{"slug":"/blog/lorem-ipsum-dolor-situm/"},"frontmatter":{"title":"Lorem Ipsum Dolor Situm","cover":"/img/products-grid3.jpg","tags":["lorem","ipsum"],"templateKey":"article-page","date":"March 29, 2000"}}}],"pathPrefix":"blog","first":false,"last":true,"index":2,"pageCount":2,"additionalContext":{}}}