{"app":["/app.281b5e6aba4305719d44.css","/app-01365481cfe36775812c.js"],"component---node-modules-gatsby-plugin-offline-app-shell-js":["/component---node-modules-gatsby-plugin-offline-app-shell-js-9036d0fb50eb41eeead1.js"],"component---src-templates-blog-js":["/component---src-templates-blog-js-467c0388a0f5648eb3f9.js"],"component---src-templates-home-page-js":["/component---src-templates-home-page-js-13184553b954e2080db0.js"],"component---src-templates-contact-page-js":["/component---src-templates-contact-page-js-8996381bc31b16179b0d.js"],"component---src-templates-gallery-page-js":["/component---src-templates-gallery-page-js-14370769103f9be4ee37.js"],"component---src-templates-about-page-js":["/component---src-templates-about-page-js-79667ecc0df9d34c54bf.js"],"component---src-templates-pricing-page-js":["/component---src-templates-pricing-page-js-d07d6210ddb4c9965873.js"],"component---src-templates-article-page-js":["/component---src-templates-article-page-js.4cfe1186e7d7d3d8d253.css","/component---src-templates-article-page-js-b20673d53709381aedcc.js"],"component---src-templates-tags-js":["/component---src-templates-tags-js-72fc88fe3048ca9caccf.js"],"component---src-pages-404-js":["/component---src-pages-404-js-76ce952c2f5f19259dbb.js"],"component---src-pages-contact-success-index-js":["/component---src-pages-contact-success-index-js-4351c0fabf397663ebfe.js"],"component---src-pages-tags-index-js":["/component---src-pages-tags-index-js-36497b7f4ef56f378053.js"],"pages-manifest":["/pages-manifest-8fed0e1602b7d58f585f.js"]}