{"errors":[],"warnings":[],"namedChunkGroups":{"app":{"chunks":[15,1],"assets":["webpack-runtime-dacdf6f107b017633521.js","webpack-runtime-dacdf6f107b017633521.js.map","app.281b5e6aba4305719d44.css","app-01365481cfe36775812c.js","app-01365481cfe36775812c.js.map"],"children":{},"childAssets":{}},"component---node-modules-gatsby-plugin-offline-app-shell-js":{"chunks":[2],"assets":["component---node-modules-gatsby-plugin-offline-app-shell-js-9036d0fb50eb41eeead1.js","component---node-modules-gatsby-plugin-offline-app-shell-js-9036d0fb50eb41eeead1.js.map"],"children":{},"childAssets":{}},"component---src-templates-blog-js":{"chunks":[8],"assets":["component---src-templates-blog-js-467c0388a0f5648eb3f9.js","component---src-templates-blog-js-467c0388a0f5648eb3f9.js.map"],"children":{},"childAssets":{}},"component---src-templates-home-page-js":{"chunks":[11],"assets":["component---src-templates-home-page-js-13184553b954e2080db0.js","component---src-templates-home-page-js-13184553b954e2080db0.js.map"],"children":{},"childAssets":{}},"component---src-templates-contact-page-js":{"chunks":[9],"assets":["component---src-templates-contact-page-js-8996381bc31b16179b0d.js","component---src-templates-contact-page-js-8996381bc31b16179b0d.js.map"],"children":{},"childAssets":{}},"component---src-templates-gallery-page-js":{"chunks":[10],"assets":["component---src-templates-gallery-page-js-14370769103f9be4ee37.js","component---src-templates-gallery-page-js-14370769103f9be4ee37.js.map"],"children":{},"childAssets":{}},"component---src-templates-about-page-js":{"chunks":[6],"assets":["component---src-templates-about-page-js-79667ecc0df9d34c54bf.js","component---src-templates-about-page-js-79667ecc0df9d34c54bf.js.map"],"children":{},"childAssets":{}},"component---src-templates-pricing-page-js":{"chunks":[12],"assets":["component---src-templates-pricing-page-js-d07d6210ddb4c9965873.js","component---src-templates-pricing-page-js-d07d6210ddb4c9965873.js.map"],"children":{},"childAssets":{}},"component---src-templates-article-page-js":{"chunks":[0,16,7],"assets":["0-ac7b1ef4c7438f59618d.js","0-ac7b1ef4c7438f59618d.js.map","16-0646840d4c6b2cf5b57a.js","16-0646840d4c6b2cf5b57a.js.map","component---src-templates-article-page-js.4cfe1186e7d7d3d8d253.css","component---src-templates-article-page-js-b20673d53709381aedcc.js","component---src-templates-article-page-js-b20673d53709381aedcc.js.map"],"children":{},"childAssets":{}},"component---src-templates-tags-js":{"chunks":[13],"assets":["component---src-templates-tags-js-72fc88fe3048ca9caccf.js","component---src-templates-tags-js-72fc88fe3048ca9caccf.js.map"],"children":{},"childAssets":{}},"component---src-pages-404-js":{"chunks":[3],"assets":["component---src-pages-404-js-76ce952c2f5f19259dbb.js","component---src-pages-404-js-76ce952c2f5f19259dbb.js.map"],"children":{},"childAssets":{}},"component---src-pages-contact-success-index-js":{"chunks":[4],"assets":["component---src-pages-contact-success-index-js-4351c0fabf397663ebfe.js","component---src-pages-contact-success-index-js-4351c0fabf397663ebfe.js.map"],"children":{},"childAssets":{}},"component---src-pages-tags-index-js":{"chunks":[0,5],"assets":["0-ac7b1ef4c7438f59618d.js","0-ac7b1ef4c7438f59618d.js.map","component---src-pages-tags-index-js-36497b7f4ef56f378053.js","component---src-pages-tags-index-js-36497b7f4ef56f378053.js.map"],"children":{},"childAssets":{}},"pages-manifest":{"chunks":[14],"assets":["pages-manifest-8fed0e1602b7d58f585f.js","pages-manifest-8fed0e1602b7d58f585f.js.map"],"children":{},"childAssets":{}}},"assetsByChunkName":{"app":["webpack-runtime-dacdf6f107b017633521.js","app.281b5e6aba4305719d44.css","app-01365481cfe36775812c.js"],"component---node-modules-gatsby-plugin-offline-app-shell-js":["component---node-modules-gatsby-plugin-offline-app-shell-js-9036d0fb50eb41eeead1.js"],"component---src-templates-blog-js":["component---src-templates-blog-js-467c0388a0f5648eb3f9.js"],"component---src-templates-home-page-js":["component---src-templates-home-page-js-13184553b954e2080db0.js"],"component---src-templates-contact-page-js":["component---src-templates-contact-page-js-8996381bc31b16179b0d.js"],"component---src-templates-gallery-page-js":["component---src-templates-gallery-page-js-14370769103f9be4ee37.js"],"component---src-templates-about-page-js":["component---src-templates-about-page-js-79667ecc0df9d34c54bf.js"],"component---src-templates-pricing-page-js":["component---src-templates-pricing-page-js-d07d6210ddb4c9965873.js"],"component---src-templates-article-page-js":["0-ac7b1ef4c7438f59618d.js","16-0646840d4c6b2cf5b57a.js","component---src-templates-article-page-js.4cfe1186e7d7d3d8d253.css","component---src-templates-article-page-js-b20673d53709381aedcc.js"],"component---src-templates-tags-js":["component---src-templates-tags-js-72fc88fe3048ca9caccf.js"],"component---src-pages-404-js":["component---src-pages-404-js-76ce952c2f5f19259dbb.js"],"component---src-pages-contact-success-index-js":["component---src-pages-contact-success-index-js-4351c0fabf397663ebfe.js"],"component---src-pages-tags-index-js":["0-ac7b1ef4c7438f59618d.js","component---src-pages-tags-index-js-36497b7f4ef56f378053.js"],"pages-manifest":["pages-manifest-8fed0e1602b7d58f585f.js"]}}